,Brand,Category,Product Name,Price,Reviewer,Review,Product Purchase,Ratings,Date Of Review,Response,Topic,Polarity
0,Maybelline,Lips,Maybelline Lip Studio Color Jolt Shiny + Matte Range,9.9,peachiii,fast delivery and bubble wrapped, Bittersweet Mandarin,5,11/24/2019 14:32,no,delivery,1
1,Maybelline,Lips,Maybelline Lip Studio Color Jolt Shiny + Matte Range,9.9,peachiii,i have yet to try it out..............., Bittersweet Mandarin,5,11/24/2019 14:32,no,product,0
2,Maybelline,Lips,Maybelline Lip Studio Color Jolt Shiny + Matte Range,9.9,naivialyntalde,i chooose the colour very dull i dont like to use it anymore ., Stripped Down,4,11/21/2019 13:05,no,product,-1
3,Maybelline,Lips,Maybelline Lip Studio Color Jolt Shiny + Matte Range,9.9,naivialyntalde,but the i get on flash deal so still worth it the price, Stripped Down,4,11/21/2019 13:05,no,product,1
4,Maybelline,Lips,Maybelline Lip Studio Color Jolt Shiny + Matte Range,9.9,izzahxx,shipping took one week, Violet Rebel,5,11/21/2019 19:12,no,delivery,-1
5,Maybelline,Lips,Maybelline Lip Studio Color Jolt Shiny + Matte Range,9.9,izzahxx,pretty but will have to mix color to wear on lips heh thanks seller!, Violet Rebel,5,11/21/2019 19:12,no,product,1
6,Maybelline,Lips,Maybelline Lip Studio Color Jolt Shiny + Matte Range,9.9,celestsoo,packing leak, Stripped Down,1,11/25/2019 14:00,no,delivery,-1
7,Maybelline,Lips,Maybelline Lip Studio Color Jolt Shiny + Matte Range,9.9,hestertay,handy for travel, Stripped Down,5,11/18/2019 12:32,no,product,1
8,Maybelline,Lips,Maybelline Lip Studio Color Jolt Shiny + Matte Range,9.9,csloh,good deal considering the brand, Stripped Down,5,11/19/2019 13:46,no,product,1
9,Maybelline,Lips,Maybelline Lip Studio Color Jolt Shiny + Matte Range,9.9,eneeli,package arrived sooner than expected and well packaged as well, Bittersweet Mandarin,5,11/15/2019 0:22,no,delivery,1
10,Maybelline,Lips,Maybelline Lip Studio Color Jolt Shiny + Matte Range,9.9,eneeli,can't wait to test this out!, Bittersweet Mandarin,5,11/15/2019 0:22,no,product,0
11,Maybelline,Lips,Maybelline Lip Studio Color Jolt Shiny + Matte Range,9.9,yuuzaki,overall is a good buy to try the product ^^, Stripped Down,5,10/11/2019 15:08,no,product,1
12,Maybelline,Lips,Maybelline Lip Studio Color Jolt Shiny + Matte Range,9.9,roxinande,delivery was really fast, Orange Outburst,2,10/11/2019 21:31,no,delivery,1
13,Maybelline,Lips,Maybelline Lip Studio Color Jolt Shiny + Matte Range,9.9,roxinande,packing for small item fuss free and neat, Orange Outburst,2,10/11/2019 21:31,no,delivery,1
14,Maybelline,Lips,Maybelline Lip Studio Color Jolt Shiny + Matte Range,9.9,roxinande,however product is really sticky, Orange Outburst,2,10/11/2019 21:31,no,product,-1
15,Maybelline,Lips,Maybelline Lip Studio Color Jolt Shiny + Matte Range,9.9,roxinande,"i have tried other colours before but this particular one is so sticky even after using makeup remover on the lips, my lips were just dry and still sticky", Orange Outburst,2,10/11/2019 21:31,no,product,-1
16,Maybelline,Lips,Maybelline Lip Studio Color Jolt Shiny + Matte Range,9.9,roxinande,prolly wont use again, Orange Outburst,2,10/11/2019 21:31,no,product,-1
17,Maybelline,Lips,Maybelline Lip Studio Color Jolt Shiny + Matte Range,9.9,amandally93,next day delivery, Talk Back Red,5,10/16/2019 8:00,no,delivery,1
18,Maybelline,Lips,Maybelline Lip Studio Color Jolt Shiny + Matte Range,9.9,amandally93,fast shipping and excellent product :) thanks!, Talk Back Red,5,10/16/2019 8:00,no,delivery,1
19,Maybelline,Lips,Maybelline Lip Studio Color Jolt Shiny + Matte Range,9.9,ivory1986,very worth to buy, Orange Outburst,4,10/14/2019 12:31,no,product,1
20,Maybelline,Lips,Maybelline Lip Studio Color Jolt Shiny + Matte Range,9.9,aliciang1982,received in good condition, Naughty Coral,5,10/15/2019 5:55,no,delivery,1
21,Maybelline,Lips,Maybelline Lip Studio Color Jolt Shiny + Matte Range,9.9,leeyee_cx,"arrived super quick, 2 days after i ordered", Talk Back Red,5,10/15/2019 18:51,no,delivery,1
22,Maybelline,Lips,Maybelline Lip Studio Color Jolt Shiny + Matte Range,9.9,leeyee_cx,product cake well protected, Talk Back Red,5,10/15/2019 18:51,no,delivery,1
23,Maybelline,Lips,Maybelline Lip Studio Color Jolt Shiny + Matte Range,9.9,cutedarren,fast delivery and got it for $1 during flash sales.yet to try., Talk Back Red,5,10/12/2019 12:31,no,delivery,1
24,Maybelline,Lips,Maybelline Lip Studio Color Jolt Shiny + Matte Range,9.9,marquiell,delivered the next say after bought.got it for 99cents.yet to try., Talk Back Red,5,10/12/2019 19:08,no,delivery,1
25,Maybelline,Lips,Maybelline Lip Studio Color Jolt Shiny + Matte Range,9.9,saidstars,fast delivedy and item in good condition, Violet Rebel,5,10/12/2019 7:27,no,delivery,1
26,Maybelline,Lips,Maybelline Lip Studio Color Jolt Shiny + Matte Range,9.9,yeiyan,worth it at only 1buck! some more it smells really nice!, Orange Outburst,5,10/14/2019 21:03,no,product,1
27,Maybelline,Lips,Maybelline Lip Studio Color Jolt Shiny + Matte Range,9.9,sebbies97,smells good and colour very strong, Talk Back Red,5,10/12/2019 23:18,no,product,1
28,Maybelline,Lips,Maybelline Lip Studio Color Jolt Shiny + Matte Range,9.9,maihong_hnue,received after 22 hours! super quick and nice, Orange Outburst,5,10/11/2019 11:40,no,delivery,1
29,Maybelline,Lips,Maybelline Lip Studio Color Jolt Shiny + Matte Range,9.9,kathirmathivijay,received fast, Violet Rebel,5,8/20/2019 14:37,no,delivery,1
30,Maybelline,Lips,Maybelline Lip Studio Color Jolt Shiny + Matte Range,9.9,kathirmathivijay,item is authentic, Violet Rebel,5,8/20/2019 14:37,no,product,1
31,Maybelline,Lips,Maybelline Lip Studio Color Jolt Shiny + Matte Range,9.9,kathirmathivijay,yet to try, Violet Rebel,5,8/20/2019 14:37,no,product,0
32,Maybelline,Lips,Maybelline Lip Studio Color Jolt Shiny + Matte Range,9.9,kate1ynn,bought during 3.3 sale at a good discount, Red-Dy Or Not,5,3/7/2019 21:34,no,product,1
33,Maybelline,Lips,Maybelline Lip Studio Color Jolt Shiny + Matte Range,9.9,kate1ynn,pretty fast delivery.., Red-Dy Or Not,5,3/7/2019 21:34,no,delivery,1
34,Maybelline,Lips,Maybelline Lip Studio Color Jolt Shiny + Matte Range,9.9,kate1ynn,received within 3 working days in a bubble wrapped envelope, Red-Dy Or Not,5,3/7/2019 21:34,no,delivery,1
35,Maybelline,Lips,Maybelline Lip Studio Color Jolt Shiny + Matte Range,9.9,kate1ynn,"the colours are nice, online images are true to life", Red-Dy Or Not,5,3/7/2019 21:34,no,product,1
36,Maybelline,Lips,Maybelline Lip Studio Color Jolt Shiny + Matte Range,9.9,darhoney,fast delivery! items received in good condition, Naughty Coral,5,6/8/2019 16:44,no,delivery,1
37,Maybelline,Lips,Maybelline Lip Studio Color Jolt Shiny + Matte Range,9.9,darhoney,yet to try, Naughty Coral,5,6/8/2019 16:44,no,product,0
38,Maybelline,Face,Maybelline Fit Me Matte+Poreless Foundation with Pump,15.92,racquel1717,packed in bubble wrapped, 128 Warm Nude,5,1/18/2020 12:16,no,delivery,1
39,Maybelline,Face,Maybelline Fit Me Matte+Poreless Foundation with Pump,15.92,racquel1717,fast delivery, 128 Warm Nude,5,1/18/2020 12:16,no,delivery,1
40,Maybelline,Face,Maybelline Fit Me Matte+Poreless Foundation with Pump,15.92,racquel1717,my skin love this product., 128 Warm Nude,5,1/18/2020 12:16,no,product,1
41,Maybelline,Face,Maybelline Fit Me Matte+Poreless Foundation with Pump,15.92,lililyxin,"product is great, with pretty good coverage, however i accidentally bought it in a lighter tone", 110 Porcelain,5,1/25/2020 14:30,no,product,1
42,Maybelline,Face,Maybelline Fit Me Matte+Poreless Foundation with Pump,15.92,lililyxin,"i would definitely buy again, hopefully next time, in the right shade", 110 Porcelain,5,1/25/2020 14:30,no,product,1
43,Maybelline,Face,Maybelline Fit Me Matte+Poreless Foundation with Pump,15.92,arnshq,fast delivery! ordered on sunday night and received on tuesday evening, 332 Golden Caramel,5,12/24/2019 19:10,no,delivery,1
44,Maybelline,Face,Maybelline Fit Me Matte+Poreless Foundation with Pump,15.92,ishmayleee,worth the buy, 115 Ivory,5,12/22/2019 22:17,no,product,1
45,Maybelline,Face,Maybelline Fit Me Matte+Poreless Foundation with Pump,15.92,ishmayleee,good price for the good product, 115 Ivory,5,12/22/2019 22:17,no,product,1
46,Maybelline,Face,Maybelline Fit Me Matte+Poreless Foundation with Pump,15.92,shernonlai,"delivery was fast!
 
 happy to deal", 228 Soft Tan,5,12/17/2019 0:38,no,delivery,1
47,Maybelline,Face,Maybelline Fit Me Matte+Poreless Foundation with Pump,15.92,yrbear,fast delivery!, 128 Warm Nude,5,12/20/2019 11:03,no,delivery,1
48,Maybelline,Face,Maybelline Fit Me Matte+Poreless Foundation with Pump,15.92,germainejm,"repeated order for this product, my go to liquid foundation for many years already", 120 Classic Ivory,5,12/17/2019 21:30,no,product,1
49,Maybelline,Face,Maybelline Fit Me Matte+Poreless Foundation with Pump,15.92,racquel1717,cheaper than mall price during flash deal, 128 Warm Nude,5,12/13/2019 21:02,no,product,1
50,Maybelline,Face,Maybelline Fit Me Matte+Poreless Foundation with Pump,15.92,altoheart,item nicely sealed, 120 Classic Ivory,5,12/14/2019 15:33,no,delivery,1
51,Maybelline,Face,Maybelline Fit Me Matte+Poreless Foundation with Pump,15.92,altoheart,delivery was smooth and quick, 120 Classic Ivory,5,12/14/2019 15:33,no,delivery,1
52,Maybelline,Face,Maybelline Fit Me Matte+Poreless Foundation with Pump,15.92,sammiimin,"fast delivery, glass bottle was packaged really well didnt have any defect", 115 Ivory,5,12/12/2019 12:11,no,delivery,1
53,Maybelline,Face,Maybelline Fit Me Matte+Poreless Foundation with Pump,15.92,jocelyn,not a bad product in general., 120 Classic Ivory,5,12/13/2019 18:27,no,product,0
54,Maybelline,Face,Maybelline Fit Me Matte+Poreless Foundation with Pump,15.92,annacas,not fast delivery, 128 Warm Nude,3,12/5/2019 22:12,no,delivery,-1
55,Maybelline,Face,Maybelline Fit Me Matte+Poreless Foundation with Pump,15.92,annacas,expected to have a free mascara as it says it has says on the flash sale, 128 Warm Nude,3,12/5/2019 22:12,no,product,-1
56,Maybelline,Face,Maybelline Fit Me Matte+Poreless Foundation with Pump,15.92,junkoblack,well packed and received in good condition:) hoping to have more deals to come!, 220 Natural Beige,5,12/3/2019 23:25,no,delivery,1
57,Maybelline,Face,Maybelline Fit Me Matte+Poreless Foundation with Pump,15.92,jiaqunlim,"but the delivery took quite awhile, ordered on 11.11 but only got it on 28/11 or so", 120 Classic Ivory,3,12/4/2019 19:19,no,delivery,-1
58,Maybelline,Face,Maybelline Fit Me Matte+Poreless Foundation with Pump,15.92,fadhilahishami,ordered this during the 11.11 flash deal but received only at the end of the month so the delivery time took really long, 220 Natural Beige,3,11/28/2019 20:15,no,delivery,-1
59,Maybelline,Face,Maybelline Fit Me Matte+Poreless Foundation with Pump,15.92,nicollettee,good deal purchased during sales, 220 Natural Beige,5,12/4/2019 21:08,no,product,1
60,Maybelline,Face,Maybelline Fit Me Matte+Poreless Foundation with Pump,15.92,nicollettee,fast delivery!, 220 Natural Beige,5,12/4/2019 21:08,no,delivery,1
61,Maybelline,Face,Maybelline Fit Me Matte+Poreless Foundation with Pump,15.92,lickookie,"good deal, delivery took about 2 weeks though
 cheap during the sales", 128 Warm Nude,5,11/26/2019 13:46,no,product,1
62,Maybelline,Face,Maybelline Fit Me Matte+Poreless Foundation with Pump,15.92,engs33,got this on flash at a very good price, 220 Natural Beige,5,11/24/2019 1:07,no,product,1
63,Maybelline,Face,Maybelline Fit Me Matte+Poreless Foundation with Pump,15.92,chxrmxine,ordered during the 11.11 sale so delivery took awhile but it was well wrapped and came with a free mascara too!, 220 Natural Beige,5,11/22/2019 22:03,no,delivery,0
64,Maybelline,Face,Maybelline Fit Me Matte+Poreless Foundation with Pump,15.92,iamsteffian,nice packaging fast delivery, 128 Warm Nude,5,12/1/2019 21:27,no,delivery,1
65,Maybelline,Face,Maybelline Fit Me Matte+Poreless Foundation with Pump,15.92,anuriahk,ordered during the 11.11 sale and took 10 days to arrive, 115 Ivory,1,11/29/2019 7:03,no,delivery,-1
66,Maybelline,Face,Maybelline Fit Me Matte+Poreless Foundation with Pump,15.92,loonalovegood,items arrived quickly and in great condition, 335 Classic Tan,5,11/24/2019 9:41,no,delivery,1
67,Maybelline,Face,Maybelline Fit Me Matte+Poreless Foundation with Pump,15.92,shaheera05,received in good condition., 332 Golden Caramel,4,11/25/2019 13:07,no,delivery,1
68,Maybelline,Face,Maybelline Fit Me Matte+Poreless Foundation with Pump,15.92,shaheera05,love that it came with a pump., 332 Golden Caramel,4,11/25/2019 13:07,no,product,1
69,Maybelline,Face,Maybelline Fit Me Matte+Poreless Foundation with Pump,15.92,awfullymel,very fast delivery, 222 True Beige,4,11/15/2019 19:30,no,delivery,1
70,Maybelline,Face,Maybelline Fit Me Matte+Poreless Foundation with Pump,15.92,awfullymel,items in good condition, 222 True Beige,4,11/15/2019 19:30,no,delivery,1
71,Maybelline,Face,Maybelline Fit Me Matte+Poreless Foundation with Pump,15.92,clxrize,delivered to doorstep in bubble wrapped package, 128 Warm Nude,5,11/22/2019 17:23,no,delivery,1
72,Maybelline,Face,Maybelline Fit Me Matte+Poreless Foundation with Pump,15.92,clxrize,rly like this foundation so far, 128 Warm Nude,5,11/22/2019 17:23,no,product,1
73,Maybelline,Face,Maybelline Fit Me Matte+Poreless Foundation with Pump,15.92,abby7ng,received fast, 220 Natural Beige,5,11/25/2019 11:27,no,delivery,1
74,Maybelline,Face,Maybelline Fit Me Matte+Poreless Foundation with Pump,15.92,abby7ng,items as described, 220 Natural Beige,5,11/25/2019 11:27,no,product,0
75,Maybelline,Face,Maybelline Fit Me Matte+Poreless Foundation with Pump,15.92,shelamaris,fast delivery!, 220 Natural Beige,5,11/23/2019 15:55,no,delivery,1
76,Maybelline,Face,Maybelline Fit Me Matte+Poreless Foundation with Pump,15.92,chewlizzie,"love the colour, fit me well but a bit liquidy", 115 Ivory,5,11/21/2019 20:24,no,product,0
77,Maybelline,Face,Maybelline Fit Me Matte+Poreless Foundation with Pump,15.92,chewlizzie,good coverage, 115 Ivory,5,11/21/2019 20:24,no,product,1
78,Maybelline,Face,Maybelline Fit Me Matte+Poreless Foundation with Pump,15.92,kerrinkow,bought 2 bottles during 11.11 sale and each bottle is almost half the retail prices!, 120 Classic Ivory,5,11/21/2019 12:26,no,product,1
79,Maybelline,Face,Maybelline Fit Me Matte+Poreless Foundation with Pump,15.92,pris0204,and i got the foundation at a very discounted rate, 120 Classic Ivory,5,11/20/2019 16:52,no,product,1
80,Maybelline,Face,Maybelline Fit Me Matte+Poreless Foundation with Pump,15.92,pris0204,"brand new, correct ordered shade", 120 Classic Ivory,5,11/20/2019 16:52,no,product,1
81,Maybelline,Face,Maybelline Fit Me Matte+Poreless Foundation with Pump,15.92,pris0204,"thank uuuu, will repurchase!", 120 Classic Ivory,5,11/20/2019 16:52,no,product,1
82,Maybelline,Face,Maybelline Fit Me Matte+Poreless Foundation with Pump,15.92,mxntsuga93,item was shipped during the same day i ordered and was delivered a day after, 310 Sun Beige,5,11/13/2019 19:42,no,delivery,1
83,Maybelline,Face,Maybelline Fit Me Matte+Poreless Foundation with Pump,15.92,agnes191,"fast delivery, well packed", 115 Ivory,5,11/24/2019 16:59,no,delivery,1
84,Maybelline,Face,Maybelline Fit Me Matte+Poreless Foundation with Pump,15.92,ayeedah_,got it safe and sound!, 228 Soft Tan,5,11/25/2019 17:39,no,delivery,1
85,Maybelline,Face,Maybelline Fit Me Matte+Poreless Foundation with Pump,15.92,mrschoo2009,good buy ., 115 Ivory,5,11/21/2019 19:10,no,product,1
86,Maybelline,Face,Maybelline Fit Me Matte+Poreless Foundation with Pump,15.92,mrschoo2009,happy buyer hereðÿ˜, 115 Ivory,5,11/21/2019 19:10,no,product,1
87,Maybelline,Face,Maybelline Fit Me Matte+Poreless Foundation with Pump,15.92,azmiisnin,received 2 days after ordering, 120 Classic Ivory,5,11/13/2019 14:34,no,delivery,1
88,Maybelline,Face,Maybelline Fit Me Matte+Poreless Foundation with Pump,15.92,azmiisnin,sealed in a bubble wrapped packaging, 120 Classic Ivory,5,11/13/2019 14:34,no,delivery,1
89,Maybelline,Face,Maybelline Fit Me Matte+Poreless Foundation with Pump,15.92,baebhygirll,"price is cheaper than retail , bought it for $12 plus", 310 Sun Beige,5,11/12/2019 14:16,no,product,1
90,Maybelline,Face,Maybelline Fit Me Matte+Poreless Foundation with Pump,15.92,hanizhalim,very quick confirmation and delivery, 228 Soft Tan,5,11/13/2019 15:29,no,delivery,1
91,Maybelline,Face,Maybelline Fit Me Matte+Poreless Foundation with Pump,15.92,hanizhalim,product mfg date is 072019, 228 Soft Tan,5,11/13/2019 15:29,no,product,-1
92,Maybelline,Face,Maybelline Fit Me Matte+Poreless Foundation with Pump,15.92,hanizhalim,item is also cheaper compared to the ones sold in drugstore, 228 Soft Tan,5,11/13/2019 15:29,no,product,1
93,Maybelline,Face,Maybelline Fit Me Matte+Poreless Foundation with Pump,15.92,crystalsing,received item in good condition, 120 Classic Ivory,5,10/31/2019 15:57,no,delivery,1
94,Maybelline,Face,Maybelline Fit Me Matte+Poreless Foundation with Pump,15.92,nxxxxhz,rcved my parcel the next day via door step delivery, 220 Natural Beige,4,11/8/2019 23:35,no,delivery,1
95,Maybelline,Face,Maybelline Fit Me Matte+Poreless Foundation with Pump,15.92,nxxxxhz,4 star cause my pores are still visible after application, 220 Natural Beige,4,11/8/2019 23:35,no,product,-1
96,Maybelline,Face,Maybelline Fit Me Matte+Poreless Foundation with Pump,15.92,nxxxxhz,price is cheaper compare to those 2 giant drug stores, 220 Natural Beige,4,11/8/2019 23:35,no,product,1
97,Maybelline,Face,Maybelline Fit Me Matte+Poreless Foundation with Pump,15.92,ashleyliu26,well received!, 115 Ivory,5,11/22/2019 22:44,no,delivery,1
98,Maybelline,Face,Maybelline Fit Me Matte+Poreless Foundation with Pump,15.92,rubycolada,color 228 really suit my skin tone, 228 Soft Tan,5,11/9/2019 0:28,no,product,1
99,Maybelline,Face,Maybelline Fit Me Matte+Poreless Foundation with Pump,15.92,rubycolada,so far this is the best affordable foundation i ever tried, 228 Soft Tan,5,11/9/2019 0:28,no,product,1
100,Maybelline,Face,Maybelline Fit Me Matte+Poreless Foundation with Pump,15.92,sabeaye,only deliver foundation, 332 Golden Caramel,1,11/21/2019 19:43,no,product,-1
101,Maybelline,Face,Maybelline Fit Me Matte+Poreless Foundation with Pump,15.92,sabeaye,not as per advertisement, 332 Golden Caramel,1,11/21/2019 19:43,no,product,-1
102,Maybelline,Face,Maybelline Fit Me Matte+Poreless Foundation with Pump,15.92,sabeaye,mascara not even 1 included, 332 Golden Caramel,1,11/21/2019 19:43,no,product,-1
103,Maybelline,Face,Maybelline Fit Me Matte+Poreless Foundation with Pump,15.92,scbtinqzxc,well received, 120 Classic Ivory,5,11/14/2019 19:09,no,product,1
104,Maybelline,Face,Maybelline Fit Me Matte+Poreless Foundation with Pump,15.92,scbtinqzxc,happy that there's free mascara along, 120 Classic Ivory,5,11/14/2019 19:09,no,product,1
105,Maybelline,Face,Maybelline Fit Me Matte+Poreless Foundation with Pump,15.92,zulmatthews,item came packed in bubble wrap, 115 Ivory,5,11/14/2019 16:34,no,product,1
106,Maybelline,Face,Maybelline Fit Me Matte+Poreless Foundation with Pump,15.92,nadtanj,been using it, 230 Natural Buff,5,11/19/2019 16:49,no,product,1
107,Maybelline,Face,Maybelline Fit Me Matte+Poreless Foundation with Pump,15.92,emtan1611,came nicely packaged protecting the bottle, 128 Warm Nude,5,11/8/2019 0:18,no,product,1
108,Maybelline,Face,Maybelline Fit Me Matte+Poreless Foundation with Pump,15.92,adilahmonty,made it a whole lot easier to use, 228 Soft Tan,5,11/3/2019 13:25,no,product,1
109,Maybelline,Face,Maybelline Fit Me Matte+Poreless Foundation with Pump,15.92,nadirahhaliahh,definitely a bargain, 228 Soft Tan,5,11/13/2019 16:15,no,product,1
110,Maybelline,Face,Maybelline Fit Me Matte+Poreless Foundation with Pump,15.92,nadirahhaliahh,product came in 2 days, 228 Soft Tan,5,11/13/2019 16:15,no,delivery,1
111,Maybelline,Face,Maybelline Fit Me Matte+Poreless Foundation with Pump,15.92,nadirahhaliahh,gotten a free mascara too, 228 Soft Tan,5,11/13/2019 16:15,no,product,1
112,Maybelline,Face,Maybelline Fit Me Matte+Poreless Foundation with Pump,15.92,batmiz,great value for money one of my fave foundations ever, 230 Natural Buff,5,11/7/2019 19:36,no,product,1
113,Maybelline,Face,Maybelline Fit Me Matte+Poreless Foundation with Pump,15.92,batmiz,arrived well packed, 230 Natural Buff,5,11/7/2019 19:36,no,delivery,1
114,Maybelline,Face,Maybelline Fit Me Matte+Poreless Foundation with Pump,15.92,mavisysh,delivery was super quick, 130 Buff Beige,5,11/6/2019 19:00,no,delivery,1
115,Maybelline,Face,Maybelline Fit Me Matte+Poreless Foundation with Pump,15.92,mavisysh,item arrived in perfect condition!, 130 Buff Beige,5,11/6/2019 19:00,no,product,1
116,Maybelline,Face,Maybelline Fit Me Matte+Poreless Foundation with Pump,15.92,charissobremonte,super fast delivery, 120 Classic Ivory,5,11/12/2019 10:17,no,delivery,1
117,Maybelline,Face,Maybelline Fit Me Matte+Poreless Foundation with Pump,15.92,charissobremonte,order yesterday received today, 120 Classic Ivory,5,11/12/2019 10:17,no,delivery,1
118,Maybelline,Face,Maybelline Fit Me Matte+Poreless Foundation with Pump,15.92,naqilahbtem,even tried the pump, 130 Buff Beige,5,10/24/2019 11:09,no,product,0
119,Maybelline,Face,Maybelline Fit Me Matte+Poreless Foundation with Pump,15.92,rejeanlee2019,fast delivery, 220 Natural Beige,5,11/13/2019 13:00,no,delivery,1
120,Maybelline,Face,Maybelline Fit Me Matte+Poreless Foundation with Pump,15.92,liandejose0805,received it just in time, 128 Warm Nude,5,11/8/2019 15:35,no,delivery,1
121,Maybelline,Face,Maybelline Fit Me Matte+Poreless Foundation with Pump,15.92,liandejose0805,i will be trying this new shade, 128 Warm Nude,5,11/8/2019 15:35,no,product,0
122,Maybelline,Face,Maybelline Fit Me Matte+Poreless Foundation with Pump,15.92,maxine89,bought during flash deal, 115 Ivory,5,10/31/2019 22:23,no,product,1
123,Maybelline,Face,Maybelline Fit Me Matte+Poreless Foundation with Pump,15.92,maxine89,good buy plus it comes with a small gift, 115 Ivory,5,10/31/2019 22:23,no,product,1
124,Maybelline,Face,Maybelline Fit Me Matte+Poreless Foundation with Pump,15.92,marcuspzy,heard good reviews about this product, 230 Natural Buff,5,11/7/2019 20:30,no,product,1
125,Maybelline,Face,Maybelline Fit Me Matte+Poreless Foundation with Pump,15.92,marcuspzy,thanks for the freebie too, 230 Natural Buff,5,11/7/2019 20:30,no,product,1
126,Maybelline,Face,Maybelline Fit Me Matte+Poreless Foundation with Pump,15.92,xuann2,good delivery to door step, 220 Natural Beige,5,10/31/2019 14:46,no,delivery,1
127,Maybelline,Face,Maybelline Fit Me Matte+Poreless Foundation with Pump,15.92,xuann2,"bought as a gift, i never try it", 220 Natural Beige,5,10/31/2019 14:46,no,product,0
128,Maybelline,Face,Maybelline Fit Me Matte+Poreless Foundation with Pump,15.92,xuann2,hope it is good., 220 Natural Beige,5,10/31/2019 14:46,no,product,0
129,Maybelline,Face,Maybelline Fit Me Matte+Poreless Foundation with Pump,15.92,chiampions,good to use, 115 Ivory,5,11/13/2019 18:04,no,product,1
130,Maybelline,Face,Maybelline Fit Me Matte+Poreless Foundation with Pump,15.92,debbieindrayani,fast delivered., 222 True Beige,4,11/13/2019 18:28,no,delivery,1
131,Maybelline,Face,Maybelline Fit Me Matte+Poreless Foundation with Pump,15.92,debbieindrayani,product good, 222 True Beige,4,11/13/2019 18:28,no,delivery,1
132,Maybelline,Face,Maybelline Fit Me Matte+Poreless Foundation with Pump,15.92,charminder,came with a free mascara so it was a great deal, 115 Ivory,5,11/3/2019 2:11,no,product,1
133,Maybelline,Face,Maybelline Fit Me Matte+Poreless Foundation with Pump,15.92,lishan0613,great price during flash deal!, 115 Ivory,5,10/31/2019 22:28,no,product,1
134,Maybelline,Face,Maybelline Fit Me Matte+Poreless Foundation with Pump,15.92,fabianjow123,will buy it next time, 128 Warm Nude,5,11/2/2019 12:14,no,product,1
135,Maybelline,Face,Maybelline Fit Me Matte+Poreless Foundation with Pump,15.92,lohjiaying159,received in good condition, 115 Ivory,5,10/31/2019 13:58,no,product,1
136,Maybelline,Face,Maybelline Fit Me Matte+Poreless Foundation with Pump,15.92,keithming,very fast delivery, 220 Natural Beige,5,11/1/2019 21:00,no,delivery,1
137,Maybelline,Face,Maybelline Fit Me Matte+Poreless Foundation with Pump,15.92,junetancf,delivery is pretty fast, 120 Classic Ivory,5,10/31/2019 23:13,no,delivery,1
138,Maybelline,Face,Maybelline Fit Me Matte+Poreless Foundation with Pump,15.92,junetancf,receive within 1 week, 120 Classic Ivory,5,10/31/2019 23:13,no,delivery,1
139,Maybelline,Face,Maybelline Fit Me Matte+Poreless Foundation with Pump,15.92,junetancf,well packed, 120 Classic Ivory,5,10/31/2019 23:13,no,product,1
140,Maybelline,Face,Maybelline Fit Me Matte+Poreless Foundation with Pump,15.92,junetancf,comes with free mascara, 120 Classic Ivory,5,10/31/2019 23:13,no,product,1
141,Maybelline,Face,Maybelline Fit Me Matte+Poreless Foundation with Pump,15.92,oofoo,received in good condition, 220 Natural Beige,5,11/7/2019 21:09,no,product,1
142,Maybelline,Face,Maybelline Fit Me Matte+Poreless Foundation with Pump,15.92,sweswe30,fast delivery-thanks seller, 128 Warm Nude,5,10/31/2019 13:50,no,delivery,1
143,Maybelline,Face,Maybelline Fit Me Matte+Poreless Foundation with Pump,15.92,was2910,"received today, hope it work well.", 115 Ivory,5,10/21/2019 22:57,no,product,0
144,Maybelline,Face,Maybelline Fit Me Matte+Poreless Foundation with Pump,15.92,chuacharissa,bought wrong shade., 120 Classic Ivory,3,10/13/2019 18:49,no,product,0
145,Maybelline,Face,Maybelline Fit Me Matte+Poreless Foundation with Pump,15.92,chuacharissa,try refunding but they rejected.., 120 Classic Ivory,3,10/13/2019 18:49,no,product,0
146,Maybelline,Face,Maybelline Fit Me Matte+Poreless Foundation with Pump,15.92,kjs1200,fast delivery, 115 Ivory,5,10/19/2019 12:15,no,delivery,1
147,Maybelline,Face,Maybelline Fit Me Matte+Poreless Foundation with Pump,15.92,kjs1200,foundation came sealed, 115 Ivory,5,10/19/2019 12:15,no,product,1
148,Maybelline,Face,Maybelline Fit Me Matte+Poreless Foundation with Pump,15.92,kjs1200,good that it has a pump, 115 Ivory,5,10/19/2019 12:15,no,product,1
149,Maybelline,Face,Maybelline Fit Me Matte+Poreless Foundation with Pump,15.92,sixtymandy,delivery took way longer than expected for domestic delivery - more than 2 weeks, 115 Ivory,3,9/28/2019 13:53,no,delivery,-1
150,Maybelline,Face,Maybelline Fit Me Matte+Poreless Foundation with Pump,15.92,euniceephua,received in good condition, 120 Classic Ivory,5,10/10/2019 3:38,no,product,1
151,Maybelline,Face,Maybelline Fit Me Matte+Poreless Foundation with Pump,15.92,amaaanina,not bad shipping, 128 Warm Nude,5,9/10/2019 1:52,no,delivery,0
152,Maybelline,Face,Maybelline Fit Me Matte+Poreless Foundation with Pump,15.92,amaaanina,ordered on 2/9 received 9/9, 128 Warm Nude,5,9/10/2019 1:52,no,delivery,1
153,Maybelline,Face,Maybelline Fit Me Matte+Poreless Foundation with Pump,15.92,amaaanina,bottle is new and sealed, 128 Warm Nude,5,9/10/2019 1:52,no,product,1
154,Maybelline,Face,Maybelline Fit Me Matte+Poreless Foundation with Pump,15.92,edithcav0720,one of the quickest delivered item i ordered in shoppe, 220 Natural Beige,5,9/20/2019 21:48,no,delivery,1
155,Maybelline,Face,Maybelline Fit Me Matte+Poreless Foundation with Pump,15.92,edithcav0720,i got this in less than 2 days upon placing the order, 220 Natural Beige,5,9/20/2019 21:48,no,delivery,1
156,Maybelline,Face,Maybelline Fit Me Matte+Poreless Foundation with Pump,15.92,edithcav0720,so delighted with fast turnaround, 220 Natural Beige,5,9/20/2019 21:48,no,delivery,1
157,Maybelline,Face,Maybelline Fit Me Matte+Poreless Foundation with Pump,15.92,djannine,fast delivery, 222 True Beige,5,10/2/2019 23:30,no,delivery,1
158,Maybelline,Face,Maybelline Fit Me Matte+Poreless Foundation with Pump,15.92,darrenevanteo,item came as described, 128 Warm Nude,5,9/25/2019 6:05,no,product,1
159,Maybelline,Face,Maybelline Fit Me Matte+Poreless Foundation with Pump,15.92,darrenevanteo,very fast delivery, 128 Warm Nude,5,9/25/2019 6:05,no,delivery,1
160,Maybelline,Face,Maybelline Fit Me Matte+Poreless Foundation with Pump,15.92,darrenevanteo,packaging is safe., 128 Warm Nude,5,9/25/2019 6:05,no,product,1
161,Maybelline,Face,Maybelline Fit Me Matte+Poreless Foundation with Pump,15.92,anetan,product well packed with bubble bag, 222 True Beige,5,9/9/2019 13:04,no,product,1
162,Maybelline,Face,Maybelline Fit Me Matte+Poreless Foundation with Pump,15.92,anetan,good coverage nice colour tone, 222 True Beige,5,9/9/2019 13:04,no,product,1
163,Maybelline,Face,Maybelline Fit Me Matte+Poreless Foundation with Pump,15.92,anetan,skin feel refreshed, 222 True Beige,5,9/9/2019 13:04,no,product,1
164,Maybelline,Face,Maybelline Fit Me Matte+Poreless Foundation with Pump,15.92,anetan,good buy, 222 True Beige,5,9/9/2019 13:04,no,product,1
165,Maybelline,Face,Maybelline Fit Me Matte+Poreless Foundation with Pump,15.92,joankum,waited for more than 2 weeks to receive my item, 115 Ivory,3,9/28/2019 12:32,no,delivery,-1
166,Maybelline,Face,Maybelline Fit Me Matte+Poreless Foundation with Pump,15.92,janicelow1210,bought yesterday and received today, 115 Ivory,5,9/4/2019 22:56,no,delivery,1
167,Maybelline,Face,Maybelline Fit Me Matte+Poreless Foundation with Pump,15.92,janicelow1210,too yellow., 115 Ivory,5,9/4/2019 22:56,no,product,-1
168,Maybelline,Face,Maybelline Fit Me Matte+Poreless Foundation with Pump,15.92,andreatswizzle,received the following day, 120 Classic Ivory,5,9/9/2019 20:34,no,delivery,1
169,Maybelline,Face,Maybelline Fit Me Matte+Poreless Foundation with Pump,15.92,andreatswizzle,manufacturing date is 6 months ago, 120 Classic Ivory,5,9/9/2019 20:34,no,product,1
170,Maybelline,Face,Maybelline Fit Me Matte+Poreless Foundation with Pump,15.92,andreatswizzle,great seller, 120 Classic Ivory,5,9/9/2019 20:34,no,product,1
171,Maybelline,Face,Maybelline Fit Me Matte+Poreless Foundation with Pump,15.92,helloyellowbirdie,really fast delivery, 128 Warm Nude,5,9/6/2019 18:14,no,delivery,1
172,Maybelline,Face,Maybelline Fit Me Matte+Poreless Foundation with Pump,15.92,rachelwhe,looks more yellow toned in picture than in real life, 120 Classic Ivory,5,9/9/2019 19:10,no,product,-1
173,Maybelline,Face,Maybelline Fit Me Matte+Poreless Foundation with Pump,15.92,rachelwhe,delivery too awhile too, 120 Classic Ivory,5,9/9/2019 19:10,no,delivery,-1
174,Maybelline,Face,Maybelline Fit Me Matte+Poreless Foundation with Pump,15.92,yukihooxuefen,didnâ€™t get the free gift though, 220 Natural Beige,5,9/6/2019 10:28,no,product,-1
175,Maybelline,Face,Maybelline Fit Me Matte+Poreless Foundation with Pump,15.92,yandrag,"niceeeeeeeeeeeeeeeeeeee....
 worth itttttttttttttttttt....", 228 Soft Tan,5,9/10/2019 2:01,no,product,1
176,Maybelline,Face,Maybelline Fit Me Matte+Poreless Foundation with Pump,15.92,naivialyntalde,very fast., 128 Warm Nude,5,9/9/2019 22:53,no,delivery,1
177,Maybelline,Face,Maybelline Fit Me Matte+Poreless Foundation with Pump,15.92,naivialyntalde,and try pack properly ., 128 Warm Nude,5,9/9/2019 22:53,no,delivery,-1
178,Maybelline,Face,Maybelline Fit Me Matte+Poreless Foundation with Pump,15.92,naivialyntalde,i will order again, 128 Warm Nude,5,9/9/2019 22:53,no,product,1
179,Maybelline,Face,Maybelline Fit Me Matte+Poreless Foundation with Pump,15.92,yinwei.lee,order came in good condition in a bubble package, 220 Natural Beige,5,9/3/2019 22:14,no,delivery,1
180,Maybelline,Face,Maybelline Fit Me Matte+Poreless Foundation with Pump,15.92,yinwei.lee,thank you for the free bottles of makeup remover!, 220 Natural Beige,5,9/3/2019 22:14,no,product,1
181,Maybelline,Face,Maybelline Fit Me Matte+Poreless Foundation with Pump,15.92,shoppingmum,look like the one seen in guardian and watson, 310 Sun Beige,5,9/5/2019 21:46,no,product,0
182,Maybelline,Face,Maybelline Fit Me Matte+Poreless Foundation with Pump,15.92,shoppingmum,glad to buy it during the offer, 310 Sun Beige,5,9/5/2019 21:46,no,product,1
183,Maybelline,Face,Maybelline Fit Me Matte+Poreless Foundation with Pump,15.92,vulengoctram,"super fast delivery, within 2 days", 115 Ivory,5,9/7/2019 0:11,no,delivery,1
184,Maybelline,Face,Maybelline Fit Me Matte+Poreless Foundation with Pump,15.92,vulengoctram,quite matte and smooth, 115 Ivory,5,9/7/2019 0:11,no,product,1
185,Maybelline,Face,Maybelline Fit Me Matte+Poreless Foundation with Pump,15.92,vulengoctram,love it!, 115 Ivory,5,9/7/2019 0:11,no,product,1
186,Maybelline,Face,Maybelline Fit Me Matte+Poreless Foundation with Pump,15.92,hell123456,"good deal, just the foundation is transferable", 120 Classic Ivory,4,9/22/2019 20:20,no,product,1
187,Maybelline,Face,Maybelline Fit Me Matte+Poreless Foundation with Pump,15.92,hnyzj,bought the wrong shade :( its too dark :(, 220 Natural Beige,5,9/17/2019 12:26,no,product,-1
188,Maybelline,Face,Maybelline Fit Me Matte+Poreless Foundation with Pump,15.92,maxine89,fast delivery, 120 Classic Ivory,5,8/22/2019 23:11,no,delivery,1
189,Maybelline,Face,Maybelline Fit Me Matte+Poreless Foundation with Pump,15.92,maxine89,come well packaged, 120 Classic Ivory,5,8/22/2019 23:11,no,delivery,1
190,Maybelline,Face,Maybelline Fit Me Matte+Poreless Foundation with Pump,15.92,maxine89,foundation has a pump, 120 Classic Ivory,5,8/22/2019 23:11,no,product,1
191,Maybelline,Face,Maybelline Fit Me Matte+Poreless Foundation with Pump,15.92,cicilia181,super fast delivery, 222 True Beige,5,9/10/2019 21:21,no,delivery,1
192,Maybelline,Face,Maybelline Fit Me Matte+Poreless Foundation with Pump,15.92,msamin87,good deal, 115 Ivory,4,9/4/2019 23:10,no,product,1
193,Maybelline,Face,Maybelline Fit Me Matte+Poreless Foundation with Pump,15.92,kaiwen_,love the new pumps as well, 220 Natural Beige,5,9/13/2019 11:28,yes,product,1
194,Maybelline,Face,Maybelline Fit Me Matte+Poreless Foundation with Pump,15.92,erin_guo37,good buy!, 222 True Beige,5,9/9/2019 23:04,no,product,1
195,Maybelline,Face,Maybelline Fit Me Matte+Poreless Foundation with Pump,15.92,linglinglee,fast delivery and item is goooooood, 235 Pure Beige,5,9/15/2019 22:53,yes,delivery,1
196,Maybelline,Face,Maybelline Fit Me Matte+Poreless Foundation with Pump,15.92,wangjun11281,"my favourite liquid foundation, now with pump!", 120 Classic Ivory,5,9/4/2019 20:35,no,product,1
197,Maybelline,Face,Maybelline Fit Me Matte+Poreless Foundation with Pump,15.92,nadirah_khalid,so glad this amazing foundation finally comes with a pump, 130 Buff Beige,5,9/4/2019 23:39,no,product,1
198,Maybelline,Face,Maybelline Fit Me Matte+Poreless Foundation with Pump,15.92,nadirah_khalid,highly recommended!, 130 Buff Beige,5,9/4/2019 23:39,no,product,1
199,Maybelline,Face,Maybelline Fit Me Matte+Poreless Foundation with Pump,15.92,misharkey,omg i love it especially in the pump form!!, 220 Natural Beige,5,8/19/2019 22:45,no,product,1
200,Maybelline,Face,Maybelline Fit Me Matte+Poreless Foundation with Pump,15.92,kaisinchew,item received in good condition, 220 Natural Beige,5,9/16/2019 7:51,yes,delivery,1
201,Maybelline,Face,Maybelline Fit Me Matte+Poreless Foundation with Pump,15.92,deelala,super fast delivery ðÿ‘ðÿ¼, 128 Warm Nude,5,9/13/2019 15:01,yes,delivery,1
202,Maybelline,Face,Maybelline Fit Me Matte+Poreless Foundation with Pump,15.92,alfaapple,received in a good condition as the bottle is wrapped in a bubble wrap, 222 True Beige,5,9/6/2019 19:06,no,delivery,1
203,Maybelline,Face,Maybelline Fit Me Matte+Poreless Foundation with Pump,15.92,masmarkso,return customer ðÿ‘, 235 Pure Beige,5,9/16/2019 21:50,no,product,1
204,Maybelline,Face,Maybelline Fit Me Matte+Poreless Foundation with Pump,15.92,sharxlim,yay love the pump, 220 Natural Beige,5,9/12/2019 16:38,no,product,1
205,Maybelline,Face,Maybelline Fit Me Matte+Poreless Foundation with Pump,15.92,hisdancer,items were well received and well wrapped, 228 Soft Tan,5,9/10/2019 21:31,no,delivery,1
206,Maybelline,Face,Maybelline Fit Me Matte+Poreless Foundation with Pump,15.92,hisdancer,will definitely purchase again, 228 Soft Tan,5,9/10/2019 21:31,no,product,1
207,Maybelline,Face,Maybelline Fit Me Matte+Poreless Foundation with Pump,15.92,rubywmw87,items well packaged and fast delivery within 2 days, 220 Natural Beige,5,8/31/2019 16:09,no,delivery,1
208,Maybelline,Face,Maybelline Fit Me Matte+Poreless Foundation with Pump,15.92,tiffanychin12345,very very fast shipping, 220 Natural Beige,5,9/5/2019 20:02,no,delivery,1
209,Maybelline,Face,Maybelline Fit Me Matte+Poreless Foundation with Pump,15.92,tiffanychin12345,"cheaper then retail store, buy it.", 220 Natural Beige,5,9/5/2019 20:02,no,product,1
210,Maybelline,Face,Maybelline Fit Me Matte+Poreless Foundation with Pump,15.92,doreenlim05,item receive in good condition., 115 Ivory,5,9/9/2019 19:09,no,delivery,1
211,Maybelline,Face,Maybelline Fit Me Matte+Poreless Foundation with Pump,15.92,stationeryempire,very fast delivery ðÿ‘, 120 Classic Ivory,5,8/26/2019 13:06,no,delivery,1
212,Maybelline,Face,Maybelline Fit Me Matte+Poreless Foundation with Pump,15.92,wendytan128,it is exactly as described, 310 Sun Beige,5,8/29/2019 22:39,no,product,0
213,Maybelline,Face,Maybelline Fit Me Matte+Poreless Foundation with Pump,15.92,wendytan128,have been using this for some time, 310 Sun Beige,5,8/29/2019 22:39,no,product,1
214,Maybelline,Face,Maybelline Fit Me Matte+Poreless Foundation with Pump,15.92,fishcubes,fast delivery and in good condition, 120 Classic Ivory,5,9/4/2019 22:27,no,delivery,1
215,Maybelline,Face,Maybelline Fit Me Matte+Poreless Foundation with Pump,15.92,fishcubes,did not get the makeup remover, 120 Classic Ivory,5,9/4/2019 22:27,no,product,-1
216,Maybelline,Face,Maybelline Fit Me Matte+Poreless Foundation with Pump,15.92,dolshqis,fast delivery, 220 Natural Beige,5,8/29/2019 14:15,no,delivery,1
217,Maybelline,Face,Maybelline Fit Me Matte+Poreless Foundation with Pump,15.92,dolshqis,exact shade, 220 Natural Beige,5,8/29/2019 14:15,no,product,1
218,Maybelline,Face,Maybelline Fit Me Matte+Poreless Foundation with Pump,15.92,ah2608,fast delivery, 220 Natural Beige,5,8/20/2019 11:39,no,delivery,1
219,Maybelline,Face,Maybelline Fit Me Matte+Poreless Foundation with Pump,15.92,ah2608,"product was well packaged, items received in good condition", 220 Natural Beige,5,8/20/2019 11:39,no,delivery,1
220,Maybelline,Lips,Maybelline Superstay Matte Ink Lipstick City Edition,14.32,analiseng,bought two during promotion, VERSATILE,5,1/8/2020 10:11,no,product,1
221,Maybelline,Lips,Maybelline Superstay Matte Ink Lipstick City Edition,14.32,analiseng,loving the durability and colours!, VERSATILE,5,1/8/2020 10:11,no,product,1
222,Maybelline,Lips,Maybelline Superstay Matte Ink Lipstick City Edition,14.32,ellarahmatmarican,repeated purchase from this seller, SEEKER,5,12/24/2019 8:36,no,product,1
223,Maybelline,Lips,Maybelline Superstay Matte Ink Lipstick City Edition,14.32,ellarahmatmarican,came on time and fast delivery!, SEEKER,5,12/24/2019 8:36,no,delivery,1
224,Maybelline,Lips,Maybelline Superstay Matte Ink Lipstick City Edition,14.32,msxrah,"item well received, very fast delivery!!", SEEKER,5,12/24/2019 17:49,no,delivery,1
225,Maybelline,Lips,Maybelline Superstay Matte Ink Lipstick City Edition,14.32,benetti,will buy again, SELFSTARTER 130,5,12/19/2019 12:57,no,product,1
226,Maybelline,Lips,Maybelline Superstay Matte Ink Lipstick City Edition,14.32,pamela070691,nicely packaged well protected, ARTIST 120,5,12/4/2019 20:45,no,delivery,1
227,Maybelline,Lips,Maybelline Superstay Matte Ink Lipstick City Edition,14.32,pamela070691,timely delivery, ARTIST 120,5,12/4/2019 20:45,no,delivery,1
228,Maybelline,Lips,Maybelline Superstay Matte Ink Lipstick City Edition,14.32,anrahman86,well received the product, INSPIRER 125,5,12/4/2019 0:41,no,delivery,1
229,Maybelline,Lips,Maybelline Superstay Matte Ink Lipstick City Edition,14.32,mysecretempire,nice colour but doesnâ€™t stay at all.., DELICATE,5,12/1/2019 23:58,no,product,0
230,Maybelline,Lips,Maybelline Superstay Matte Ink Lipstick City Edition,14.32,mysecretempire,disappointed, DELICATE,5,12/1/2019 23:58,no,product,-1
231,Maybelline,Lips,Maybelline Superstay Matte Ink Lipstick City Edition,14.32,wei_lingggg,delivery took awhile (ordered during 11/11), SEEKER,5,11/23/2019 14:04,no,delivery,-1
232,Maybelline,Lips,Maybelline Superstay Matte Ink Lipstick City Edition,14.32,jseah,tried on hand, INSPIRER 125,5,11/22/2019 21:54,no,product,0
233,Maybelline,Lips,Maybelline Superstay Matte Ink Lipstick City Edition,14.32,jseah,colour stayed on very well despite washing, INSPIRER 125,5,11/22/2019 21:54,no,product,1
234,Maybelline,Lips,Maybelline Superstay Matte Ink Lipstick City Edition,14.32,jomalvarezz,got what i ordered and it came with a free make up remover, SEEKER,5,11/22/2019 19:40,no,product,1
235,Maybelline,Lips,Maybelline Superstay Matte Ink Lipstick City Edition,14.32,jomalvarezz,but itâ€™s pretty disappointing because it took 11 days before the item was delivered to me, SEEKER,5,11/22/2019 19:40,no,delivery,-1
236,Maybelline,Lips,Maybelline Superstay Matte Ink Lipstick City Edition,14.32,govinda1985,i love it ðÿ¥°, SELFSTARTER 130,5,11/22/2019 19:22,no,product,1
237,Maybelline,Lips,Maybelline Superstay Matte Ink Lipstick City Edition,14.32,mjdjap,thicker than expected but does what is advertised and does not transfer, GROUNDBREAKER 117,5,11/21/2019 9:57,no,product,0
238,Maybelline,Lips,Maybelline Superstay Matte Ink Lipstick City Edition,14.32,mjdjap,lovely colour, GROUNDBREAKER 117,5,11/21/2019 9:57,no,product,1
239,Maybelline,Lips,Maybelline Superstay Matte Ink Lipstick City Edition,14.32,mjdjap,bright and vibrant red., GROUNDBREAKER 117,5,11/21/2019 9:57,no,product,1
240,Maybelline,Lips,Maybelline Superstay Matte Ink Lipstick City Edition,14.32,heavensmecredi,always buy during a sale at a good price :) very happy with my purchase.., DELICATE,5,10/29/2019 12:53,no,product,1
241,Maybelline,Lips,Maybelline Superstay Matte Ink Lipstick City Edition,14.32,belindaaatan,fast delivery! ordered on the 29oct and received on 2nov! :), SELFSTARTER 130,5,11/2/2019 14:34,no,delivery,1
242,Maybelline,Lips,Maybelline Superstay Matte Ink Lipstick City Edition,14.32,jerinewong,delivery was fast, ARTIST 120,5,11/2/2019 16:40,no,delivery,1
243,Maybelline,Lips,Maybelline Superstay Matte Ink Lipstick City Edition,14.32,jerinewong,competitive price and the freebies came on the promotional day, ARTIST 120,5,11/2/2019 16:40,no,product,1
244,Maybelline,Lips,Maybelline Superstay Matte Ink Lipstick City Edition,14.32,jerinewong,worth the purchase, ARTIST 120,5,11/2/2019 16:40,no,product,1
245,Maybelline,Lips,Maybelline Superstay Matte Ink Lipstick City Edition,14.32,qandscorner,product is good as we know, FOUNDER 115,1,11/7/2019 7:33,no,product,1
246,Maybelline,Lips,Maybelline Superstay Matte Ink Lipstick City Edition,14.32,thecoed,item took about 3-4 days., VERSATILE,5,11/2/2019 15:18,no,delivery,0
247,Maybelline,Lips,Maybelline Superstay Matte Ink Lipstick City Edition,14.32,nyein68,fast delivery and very well packed, INSPIRER 125,5,11/4/2019 22:36,no,delivery,1
248,Maybelline,Lips,Maybelline Superstay Matte Ink Lipstick City Edition,14.32,anrahman86,received it well for my wife, ARTIST 120,5,11/1/2019 15:05,no,delivery,1
249,Maybelline,Lips,Maybelline Superstay Matte Ink Lipstick City Edition,14.32,alxr243,received 31st oct in good condition, VERSATILE,5,10/31/2019 20:06,no,delivery,1
250,Maybelline,Lips,Maybelline Superstay Matte Ink Lipstick City Edition,14.32,nabsmd,colour is true to photos, AMBITIOUS,5,10/21/2019 23:52,no,product,1
251,Maybelline,Lips,Maybelline Superstay Matte Ink Lipstick City Edition,14.32,rainbowglitter,bought 4 because had discount, VERSATILE,5,10/11/2019 15:38,no,product,1
252,Maybelline,Lips,Maybelline Superstay Matte Ink Lipstick City Edition,14.32,rainbowglitter,maybe won't put so much next time, VERSATILE,5,10/11/2019 15:38,no,product,-1
253,Maybelline,Lips,Maybelline Superstay Matte Ink Lipstick City Edition,14.32,lululu8,item received in good condition, SEEKER,5,10/14/2019 19:55,no,delivery,1
254,Maybelline,Lips,Maybelline Superstay Matte Ink Lipstick City Edition,14.32,lululu8,havent tried the item so cant comment on the quality, SEEKER,5,10/14/2019 19:55,no,product,0
255,Maybelline,Lips,Maybelline Superstay Matte Ink Lipstick City Edition,14.32,elsaryna,already owned 6 of them, GLOBETROTER 135,5,10/3/2019 21:26,no,product,1
256,Maybelline,Lips,Maybelline Superstay Matte Ink Lipstick City Edition,14.32,elsaryna,"last really long, longer than my relationships", GLOBETROTER 135,5,10/3/2019 21:26,no,product,1
257,Maybelline,Lips,Maybelline Superstay Matte Ink Lipstick City Edition,14.32,elsaryna,"to speed up the process, lick your lips (nikkietutorial's tip)", GLOBETROTER 135,5,10/3/2019 21:26,no,product,0
258,Maybelline,Lips,Maybelline Superstay Matte Ink Lipstick City Edition,14.32,jovinwoo,it's more orangy than red but it really stays on so you have to use those waterproof make up remover to get it out, GLOBETROTER 135,5,10/14/2019 11:15,no,product,1
259,Maybelline,Lips,Maybelline Superstay Matte Ink Lipstick City Edition,14.32,sg9085_07118,i like this lipstick., VERSATILE,5,10/15/2019 12:34,no,product,1
260,Maybelline,Lips,Maybelline Superstay Matte Ink Lipstick City Edition,14.32,sg9085_07118,really superstay, VERSATILE,5,10/15/2019 12:34,no,product,1
261,Maybelline,Lips,Maybelline Superstay Matte Ink Lipstick City Edition,14.32,sg9085_07118,delivery quiet fast, VERSATILE,5,10/15/2019 12:34,no,delivery,1
263,Maybelline,Lips,Maybelline Superstay Matte Ink Lipstick City Edition,14.32,kyy456456,will definitely buy more colours, DANCER 118,5,10/14/2019 20:19,no,product,1
264,Maybelline,Lips,Maybelline Superstay Matte Ink Lipstick City Edition,14.32,kyy456456,also love the key ring, DANCER 118,5,10/14/2019 20:19,no,product,1
265,Maybelline,Lips,Maybelline Superstay Matte Ink Lipstick City Edition,14.32,jeihope,"very fast delivery, order arrived the next day!", SEEKER,5,10/12/2019 0:40,no,delivery,1
266,Maybelline,Lips,Maybelline Superstay Matte Ink Lipstick City Edition,14.32,moustastic,super worth the price, FOUNDER 115,5,10/13/2019 16:33,no,product,1
267,Maybelline,Lips,Maybelline Superstay Matte Ink Lipstick City Edition,14.32,moustastic,very pigmented., FOUNDER 115,5,10/13/2019 16:33,no,product,1
268,Maybelline,Lips,Maybelline Superstay Matte Ink Lipstick City Edition,14.32,pigugrass,orangey shade, VERSATILE,4,10/15/2019 8:20,no,product,0
269,Maybelline,Lips,Maybelline Superstay Matte Ink Lipstick City Edition,14.32,auricomum,repeated order, VERSATILE,5,10/9/2019 20:10,no,product,1
270,Maybelline,Lips,Maybelline Superstay Matte Ink Lipstick City Edition,14.32,auricomum,delivery is fast as usual, VERSATILE,5,10/9/2019 20:10,no,delivery,1
271,Maybelline,Lips,Maybelline Superstay Matte Ink Lipstick City Edition,14.32,auricomum,i like crayon matte than superstay matte, VERSATILE,5,10/9/2019 20:10,no,product,1
272,Maybelline,Lips,Maybelline Superstay Matte Ink Lipstick City Edition,14.32,gwensternator,havenâ€™t tried it yet but received the product in sealed good condition!, VERSATILE,5,10/12/2019 11:55,no,delivery,1
273,Maybelline,Lips,Maybelline Superstay Matte Ink Lipstick City Edition,14.32,jyjoey123,feel very dry on my lips but the colour is really long lasting, DELICATE,5,10/12/2019 19:00,no,product,0
274,Maybelline,Lips,Maybelline Superstay Matte Ink Lipstick City Edition,14.32,ngoc_lethuy,authentic, SELFSTARTER 130,5,10/3/2019 0:16,no,product,0
275,Maybelline,Lips,Maybelline Superstay Matte Ink Lipstick City Edition,14.32,ngoc_lethuy,manufacturing date was early 2019 (not bad!), SELFSTARTER 130,5,10/3/2019 0:16,no,product,1
276,Maybelline,Lips,Maybelline Superstay Matte Ink Lipstick City Edition,14.32,ngoc_lethuy,very fast delivery., SELFSTARTER 130,5,10/3/2019 0:16,no,delivery,1
277,Maybelline,Lips,Maybelline Superstay Matte Ink Lipstick City Edition,14.32,ngoc_lethuy,happy with this purchase, ASSERTIVE,5,10/6/2019 11:32,no,product,1
278,Maybelline,Lips,Maybelline Superstay Matte Ink Lipstick City Edition,14.32,ngoc_lethuy,would recommend., ASSERTIVE,5,10/6/2019 11:32,no,product,1
279,Maybelline,Lips,Maybelline Superstay Matte Ink Lipstick City Edition,14.32,hilwaaawa,fast delivery!!, FOUNDER 115,5,10/13/2019 3:53,no,delivery,1
280,Maybelline,Lips,Maybelline Superstay Matte Ink Lipstick City Edition,14.32,scorpiospeef,loving the matte new lippy, SEEKER,5,10/3/2019 8:29,no,product,1
281,Maybelline,Lips,Maybelline Superstay Matte Ink Lipstick City Edition,14.32,scorpiospeef,the colour is really vibrant and the best of all it is really long lasting, SEEKER,5,10/3/2019 8:29,no,product,1
282,Maybelline,Lips,Maybelline Superstay Matte Ink Lipstick City Edition,14.32,scorpiospeef,"happy with purchase ~ also delivery was quick.
 have yet to try the foundation", SEEKER,5,10/3/2019 8:29,no,delivery,1
283,Maybelline,Lips,Maybelline Superstay Matte Ink Lipstick City Edition,14.32,emelynllapitan,love this lipstick 115, FOUNDER 115,5,10/10/2019 8:22,no,product,1
284,Maybelline,Lips,Maybelline Superstay Matte Ink Lipstick City Edition,14.32,emelynllapitan,ðÿ‘„yes proven superstay ðÿ˜šðÿ˜ ðÿ‘, FOUNDER 115,5,10/10/2019 8:22,no,product,1
285,Maybelline,Lips,Maybelline Superstay Matte Ink Lipstick City Edition,14.32,genevieloh,product looks the same as those in watson's, DELICATE,5,10/14/2019 20:38,no,product,1
286,Maybelline,Lips,Maybelline Superstay Matte Ink Lipstick City Edition,14.32,genevieloh,love it!!, DELICATE,5,10/14/2019 20:38,no,product,1
287,Maybelline,Lips,Maybelline Superstay Matte Ink Lipstick City Edition,14.32,ashleigh148,items received in bubble wrap, ARTIST 120,5,9/20/2019 0:40,no,delivery,1
288,Maybelline,Lips,Maybelline Superstay Matte Ink Lipstick City Edition,14.32,izzxh,fast delivery, INSPIRER 125,5,10/5/2019 1:49,no,delivery,1
289,Maybelline,Lips,Maybelline Superstay Matte Ink Lipstick City Edition,14.32,kleyr12m,the product came in good condition in proper packaging, SELFSTARTER 130,5,10/4/2019 15:47,no,delivery,1
290,Maybelline,Lips,Maybelline Superstay Matte Ink Lipstick City Edition,14.32,julipie,fast delivery, SELFSTARTER 130,5,10/12/2019 21:49,no,delivery,1
291,Maybelline,Lips,Maybelline Superstay Matte Ink Lipstick City Edition,14.32,cathvoon,love the colours n much cheaper than retail, VERSATILE,5,9/18/2019 10:32,no,product,1
292,Maybelline,Lips,Maybelline Superstay Matte Ink Lipstick City Edition,14.32,cathvoon,the colour really can stay for the whole day even after food, VERSATILE,5,9/18/2019 10:32,no,product,1
293,Maybelline,Lips,Maybelline Superstay Matte Ink Lipstick City Edition,14.32,dianarohop,fast and prompt, SEEKER,5,9/20/2019 22:35,no,delivery,1
294,Maybelline,Lips,Maybelline Superstay Matte Ink Lipstick City Edition,14.32,randi,fast delivery and came nicely packed!, VERSATILE,5,10/3/2019 22:08,no,delivery,1
295,Maybelline,Lips,Maybelline Superstay Matte Ink Lipstick City Edition,14.32,babyzila,my fav lipstick of all time, DELICATE,5,8/27/2019 15:39,no,product,1
296,Maybelline,Lips,Maybelline Superstay Matte Ink Lipstick City Edition,14.32,babyzila,very lasting, DELICATE,5,8/27/2019 15:39,no,product,1
297,Maybelline,Lips,Maybelline Superstay Matte Ink Lipstick City Edition,14.32,babyzila,im looking to buy most of the shades!, DELICATE,5,8/27/2019 15:39,no,product,1
298,Maybelline,Lips,Maybelline Superstay Matte Ink Lipstick City Edition,14.32,sandychanana,bought t as a gift, FOUNDER 115,5,9/10/2019 18:22,no,product,0
299,Maybelline,Lips,Maybelline Superstay Matte Ink Lipstick City Edition,14.32,sandychanana,received well in time, FOUNDER 115,5,9/10/2019 18:22,no,delivery,1
300,Maybelline,Lips,Maybelline Superstay Matte Ink Lipstick City Edition,14.32,sandychanana,no opinion on how it looks yet, FOUNDER 115,5,9/10/2019 18:22,no,product,0
301,Maybelline,Lips,Maybelline Superstay Matte Ink Lipstick City Edition,14.32,sandychanana,hope that it works fine, FOUNDER 115,5,9/10/2019 18:22,no,product,0
302,Maybelline,Lips,Maybelline Superstay Matte Ink Lipstick City Edition,14.32,mixueang,lipsticks mfg dated 2019 except for the free gift on shade protector 85 is on 2018, INSPIRER 125,4,7/22/2019 20:36,no,product,0
303,Maybelline,Lips,Maybelline Superstay Matte Ink Lipstick City Edition,14.32,mixueang,love the lipstick i bought with that 50% off second pc, FOUNDER 115,5,7/31/2019 14:28,no,product,1
304,Maybelline,Lips,Maybelline Superstay Matte Ink Lipstick City Edition,14.32,sookie10,order came super fast, INSPIRER 125,5,8/21/2019 11:13,no,delivery,1
305,Maybelline,Lips,Maybelline Superstay Matte Ink Lipstick City Edition,14.32,dr3amie,item came quickly, FOUNDER 115,5,8/1/2019 13:51,no,delivery,1
306,Maybelline,Lips,Maybelline Superstay Matte Ink Lipstick City Edition,14.32,dr3amie,really can't wait to use it, FOUNDER 115,5,8/1/2019 13:51,no,product,0
307,Maybelline,Lips,Maybelline Superstay Matte Ink Lipstick City Edition,14.32,dr3amie,i really love this range of lipstick, FOUNDER 115,5,8/1/2019 13:51,no,product,1
308,Maybelline,Lips,Maybelline Superstay Matte Ink Lipstick City Edition,14.32,gohchloe,received in 10 days, VERSATILE,5,8/5/2019 22:57,no,delivery,0
309,Maybelline,Lips,Maybelline Superstay Matte Ink Lipstick City Edition,14.32,gohchloe,good deal!!, VERSATILE,5,8/5/2019 22:57,no,product,1
310,Maybelline,Lips,Maybelline Superstay Matte Ink Lipstick City Edition,14.32,jasrinaaa,good buy.., GROUNDBREAKER 117,5,8/8/2019 9:26,no,product,1
311,Maybelline,Lips,Maybelline Superstay Matte Ink Lipstick City Edition,14.32,jasrinaaa,got each lipstick for almost half the price...., GROUNDBREAKER 117,5,8/8/2019 9:26,no,product,0
312,Maybelline,Lips,Maybelline Superstay Matte Ink Lipstick City Edition,14.32,vanillaeclairs,nice reddish brown shade, SEEKER,5,7/19/2019 20:52,no,product,1
313,Maybelline,Lips,Maybelline Superstay Matte Ink Lipstick City Edition,14.32,vanillaeclairs,very pigmented, SEEKER,5,7/19/2019 20:52,no,product,1
314,Maybelline,Lips,Maybelline Superstay Matte Ink Lipstick City Edition,14.32,kinstatic,received product in good condition & fast delivery, INSPIRER 125,5,6/28/2019 16:38,no,delivery,1
315,Maybelline,Lips,Maybelline Superstay Matte Ink Lipstick City Edition,14.32,kinstatic,bought this as there are lots of good review on this, INSPIRER 125,5,6/28/2019 16:38,no,product,1
316,Maybelline,Lips,Maybelline Superstay Matte Ink Lipstick City Edition,14.32,kabiski,major love for the superstay lipstick range, AMBITIOUS,5,3/21/2019 7:19,no,product,1
317,Maybelline,Lips,Maybelline Superstay Matte Ink Lipstick City Edition,14.32,kabiski,legit lasts a long time, AMBITIOUS,5,3/21/2019 7:19,no,product,1
318,Maybelline,Lips,Maybelline Superstay Matte Ink Lipstick City Edition,14.32,kabiski,excited to try out these new colours., AMBITIOUS,5,3/21/2019 7:19,no,product,0
319,Maybelline,Lips,Maybelline Superstay Matte Ink Lipstick City Edition,14.32,two2two,nice colour with a shea butter scent, DANCER 118,4,8/6/2019 10:53,no,product,1
320,Maybelline,Lips,Maybelline Superstay Matte Ink Lipstick City Edition,14.32,two2two,not a very comfortable feeling, DANCER 118,4,8/6/2019 10:53,no,product,-1
321,Maybelline,Lips,Maybelline Superstay Matte Ink Lipstick City Edition,14.32,queenmermaid,love this color, SELFSTARTER 130,5,3/11/2019 19:51,no,product,1
322,Maybelline,Lips,Maybelline Superstay Matte Ink Lipstick City Edition,14.32,queenmermaid,just the applicator is abit hard, SELFSTARTER 130,5,3/11/2019 19:51,no,product,-1
323,Maybelline,Lips,Maybelline Superstay Matte Ink Lipstick City Edition,14.32,jennychua527,received earlier than expected, SELFSTARTER 130,5,5/30/2019 15:31,no,delivery,1
324,Maybelline,Lips,Maybelline Superstay Matte Ink Lipstick City Edition,14.32,lumshireli,value for money :), DELICATE,5,7/30/2019 8:16,no,product,1
325,Maybelline,Lips,Maybelline Superstay Matte Ink Lipstick City Edition,14.32,zionatoh,nice, GROUNDBREAKER 117,5,8/4/2019 16:23,no,product,1
326,Maybelline,Lips,Maybelline Superstay Matte Ink Lipstick City Edition,14.32,loveoncall,nice, ARTIST 120,5,8/2/2019 20:48,no,product,1
327,Maybelline,Lips,Maybelline Superstay Matte Ink Lipstick City Edition,14.32,76shirley,it won't stick to the cup, AMBITIOUS,2,6/17/2019 18:55,no,product,1
328,Maybelline,Lips,Maybelline Superstay Matte Ink Lipstick City Edition,14.32,denisezx,doesn't transfer as well, FOUNDER 115,5,4/25/2019 0:17,no,product,1
329,Maybelline,Lips,Maybelline Superstay Matte Ink Lipstick City Edition,14.32,denisezx,will purchase more after a few more usages, FOUNDER 115,5,4/25/2019 0:17,no,product,0
330,Maybelline,Lips,Maybelline Superstay Matte Ink Lipstick City Edition,14.32,viplonline,love the colour, FOUNDER 115,5,3/28/2019 0:15,no,product,1
331,Maybelline,Lips,Maybelline Superstay Matte Ink Lipstick City Edition,14.32,nurrafiiidah,fast delivery, SELFSTARTER 130,5,7/21/2019 21:40,no,delivery,1
332,Maybelline,Lips,Maybelline Superstay Matte Ink Lipstick City Edition,14.32,nurrafiiidah,good product, SELFSTARTER 130,5,7/21/2019 21:40,no,product,1
333,Maybelline,Lips,Maybelline Superstay Matte Ink Lipstick City Edition,14.32,silveryayu,order was shipped out the next day, VERSATILE,5,5/31/2019 20:21,no,delivery,1
334,Maybelline,Lips,Maybelline Superstay Matte Ink Lipstick City Edition,14.32,silveryayu,highly recommend when there is sale for products!, VERSATILE,5,5/31/2019 20:21,no,product,1
335,Maybelline,Lips,Maybelline Superstay Matte Ink Lipstick City Edition,14.32,renurai561,it seriously lasts forever, FOUNDER 115,5,4/11/2019 9:54,no,product,1
336,Maybelline,Lips,Maybelline Superstay Matte Ink Lipstick City Edition,14.32,deepikarp,fast delivery, GLOBETROTER 135,5,6/2/2019 12:40,no,delivery,1
337,Maybelline,Lips,Maybelline Superstay Matte Ink Lipstick City Edition,14.32,deepikarp,good product, GLOBETROTER 135,5,6/2/2019 12:40,no,product,1
338,Maybelline,Lips,Maybelline Superstay Matte Ink Lipstick City Edition,14.32,lndsylv_sg,i purchased the items during sale, DELICATE,5,3/20/2019 19:45,no,product,0
339,Maybelline,Lips,Maybelline Superstay Matte Ink Lipstick City Edition,14.32,lndsylv_sg,it took like almost 2 weeks to arrive, DELICATE,5,3/20/2019 19:45,no,delivery,-1
340,Maybelline,Lips,Maybelline Superstay Matte Ink Lipstick City Edition,14.32,eylenelow,love, GROUNDBREAKER 117,5,6/27/2019 22:27,no,product,1
341,Maybelline,Lips,Maybelline Superstay Matte Ink Lipstick City Edition,14.32,robert.borjam,item receieved in good condition, ASSERTIVE,5,6/11/2019 21:31,no,product,1
342,Maybelline,Lips,Maybelline Superstay Matte Ink Lipstick City Edition,14.32,robert.borjam,nice product., ASSERTIVE,5,6/11/2019 21:31,no,product,1
343,Maybelline,Lips,Maybelline Superstay Matte Ink Lipstick City Edition,14.32,fooyinjek,received in good condition, VERSATILE,5,5/30/2019 20:38,no,product,1
344,Maybelline,Lips,Maybelline Superstay Matte Ink Lipstick City Edition,14.32,sintnyo,last very long!, SEEKER,5,3/25/2019 0:40,no,product,1
345,Maybelline,Lips,Maybelline Superstay Matte Ink Lipstick City Edition,14.32,dianradke,fast delivery, AMBITIOUS,5,5/31/2019 22:16,no,delivery,1
346,Maybelline,Lips,Maybelline Superstay Matte Ink Lipstick City Edition,14.32,neezeothman,would give zero star if i could., GROUNDBREAKER 117,1,4/15/2019 0:46,no,product,-1
347,Maybelline,Lips,Maybelline Superstay Matte Ink Lipstick City Edition,14.32,seewenqi,i love the colour, GROUNDBREAKER 117,5,5/13/2019 11:04,no,product,1
348,Maybelline,Lips,Maybelline Superstay Matte Ink Lipstick City Edition,14.32,seewenqi,super long lasting, GROUNDBREAKER 117,5,5/13/2019 11:04,no,product,1
349,Maybelline,Lips,Maybelline Superstay Matte Ink Lipstick City Edition,14.32,seewenqi,delivery cane with bubble wrap, GROUNDBREAKER 117,5,5/13/2019 11:04,no,delivery,0
350,Maybelline,Lips,Maybelline Superstay Matte Ink Lipstick City Edition,14.32,subahselvam,fast delivery, FOUNDER 115,5,3/2/2019 15:15,no,delivery,1
351,Maybelline,Lips,Maybelline Superstay Matte Ink Lipstick City Edition,14.32,herlinahimura,items received earlier than expected, FOUNDER 115,5,4/12/2019 9:06,no,delivery,1
352,Maybelline,Lips,Maybelline Superstay Matte Ink Lipstick City Edition,14.32,herlinahimura,love the items!, FOUNDER 115,5,4/12/2019 9:06,no,product,1
353,Maybelline,Lips,Maybelline Superstay Matte Ink Lipstick City Edition,14.32,pewinakaur,not as expected, INSPIRER 125,1,3/27/2019 22:02,no,product,-1
354,Maybelline,Lips,Maybelline Superstay Matte Ink Lipstick City Edition,14.32,onruyu,amazing staying power, ARTIST 120,5,2/12/2019 10:29,no,product,1
355,Maybelline,Concealer,Maybelline Instant Age Rewind Concealer,15.92,nymphinblack,repeat customer of this concealer as it works well, IAR Medium,4,12/22/2019 19:55,no,product,1
356,Maybelline,Concealer,Maybelline Instant Age Rewind Concealer,15.92,shernonlai,travel size product, IAR Medium,5,12/17/2019 0:38,no,product,0
357,Maybelline,Concealer,Maybelline Instant Age Rewind Concealer,15.92,karenhng,bought on bhalf of friend, IAR Medium,5,12/15/2019 12:45,no,product,0
358,Maybelline,Concealer,Maybelline Instant Age Rewind Concealer,15.92,karenhng,cant rate it personally., IAR Medium,5,12/15/2019 12:45,no,product,0
359,Maybelline,Concealer,Maybelline Instant Age Rewind Concealer,15.92,sandraxlim,never tried pdts b4, IAR Light,4,12/13/2019 20:33,no,product,0
360,Maybelline,Concealer,Maybelline Instant Age Rewind Concealer,15.92,tracyyanglau,very bad, IAR Fair,1,12/8/2019 23:47,no,product,-1
361,Maybelline,Concealer,Maybelline Instant Age Rewind Concealer,15.92,jinnie1982,fast delivery, IAR Fair,5,12/10/2019 0:53,no,delivery,1
362,Maybelline,Concealer,Maybelline Instant Age Rewind Concealer,15.92,jinnie1982,seller sent free gift ^^!!, IAR Fair,5,12/10/2019 0:53,no,product,1
363,Maybelline,Concealer,Maybelline Instant Age Rewind Concealer,15.92,sohmeiyu,received order as described, IAR Light,5,12/1/2019 23:36,no,product,0
364,Maybelline,Concealer,Maybelline Instant Age Rewind Concealer,15.92,sohmeiyu,good buy, IAR Light,5,12/1/2019 23:36,no,product,1
365,Maybelline,Concealer,Maybelline Instant Age Rewind Concealer,15.92,sohmeiyu,fast delivery, IAR Light,5,12/1/2019 23:36,no,delivery,1
366,Maybelline,Concealer,Maybelline Instant Age Rewind Concealer,15.92,sohmeiyu,will buy again., IAR Light,5,12/1/2019 23:36,no,product,1
367,Maybelline,Concealer,Maybelline Instant Age Rewind Concealer,15.92,faezahkaptenpenn,brand new!!!, IAR Medium,5,12/6/2019 7:51,no,product,1
368,Maybelline,Concealer,Maybelline Instant Age Rewind Concealer,15.92,joshmernate,good deal, IAR Light,5,11/23/2019 9:57,no,product,1
369,Maybelline,Concealer,Maybelline Instant Age Rewind Concealer,15.92,celineezxz,like sponge applicator, IAR Medium,5,11/14/2019 12:08,no,product,0
370,Maybelline,Concealer,Maybelline Instant Age Rewind Concealer,15.92,celineezxz,its half of the retail size for this purchase n so is price., IAR Medium,5,11/14/2019 12:08,no,product,1
371,Maybelline,Concealer,Maybelline Instant Age Rewind Concealer,15.92,tanmeowlan,love the size of make up remover, IAR Honey,5,11/13/2019 11:11,no,product,1
372,Maybelline,Concealer,Maybelline Instant Age Rewind Concealer,15.92,fatimahsallim,favourite concealer, IAR Sand,5,11/8/2019 8:24,no,product,1
373,Maybelline,Concealer,Maybelline Instant Age Rewind Concealer,15.92,fatimahsallim,worth it for the price paid plus it covers................., IAR Sand,5,11/8/2019 8:24,no,product,1
374,Maybelline,Concealer,Maybelline Instant Age Rewind Concealer,15.92,fatimahsallim,excellent buy and worth it!!!!!!!!!!, IAR Honey,5,11/2/2019 13:46,no,product,1
375,Maybelline,Concealer,Maybelline Instant Age Rewind Concealer,15.92,tiang1990,received within a week, IAR Light,5,11/2/2019 15:52,no,delivery,0
376,Maybelline,Concealer,Maybelline Instant Age Rewind Concealer,15.92,tiang1990,will buy again ans its cheaper then retail shop, IAR Light,5,11/2/2019 15:52,no,product,1
377,Maybelline,Concealer,Maybelline Instant Age Rewind Concealer,15.92,hestertay,mini makeup remover is good for travelling, IAR Fair,5,10/31/2019 17:39,no,product,1
378,Maybelline,Concealer,Maybelline Instant Age Rewind Concealer,15.92,hestertay,as for the concealer it will be my first time trying it., IAR Fair,5,10/31/2019 17:39,no,product,0
379,Maybelline,Concealer,Maybelline Instant Age Rewind Concealer,15.92,tiang1990,fast delivery, IAR Light,5,11/1/2019 8:02,no,delivery,1
380,Maybelline,Concealer,Maybelline Instant Age Rewind Concealer,15.92,tiang1990,will purchase again as its cheaper then buying in outlet, IAR Light,5,11/1/2019 8:02,no,product,1
381,Maybelline,Concealer,Maybelline Instant Age Rewind Concealer,15.92,tgtjoyce,item came in bubble wrap, IAR Medium,5,10/31/2019 20:38,no,product,0
382,Maybelline,Concealer,Maybelline Instant Age Rewind Concealer,15.92,tgtjoyce,looks authentic, IAR Medium,5,10/31/2019 20:38,no,product,0
383,Maybelline,Concealer,Maybelline Instant Age Rewind Concealer,15.92,flowerbungasg,item received in good condition, IAR Medium,5,11/5/2019 11:56,no,product,1
384,Maybelline,Concealer,Maybelline Instant Age Rewind Concealer,15.92,flowerbungasg,will purchase again., IAR Medium,5,11/5/2019 11:56,no,product,1
385,Maybelline,Concealer,Maybelline Instant Age Rewind Concealer,15.92,ylkoh,fast delivery, IAR Light,5,11/2/2019 18:46,no,delivery,1
386,Maybelline,Concealer,Maybelline Instant Age Rewind Concealer,15.92,ylkoh,will buy again, IAR Light,5,11/2/2019 18:46,no,product,1
387,Maybelline,Concealer,Maybelline Instant Age Rewind Concealer,15.92,ylkoh,came w free mini size make up remover which is good for traveling, IAR Light,5,11/2/2019 18:46,no,product,1
388,Maybelline,Concealer,Maybelline Instant Age Rewind Concealer,15.92,nrlamz,fav concealer, IAR Medium,5,11/7/2019 21:39,no,product,1
389,Maybelline,Concealer,Maybelline Instant Age Rewind Concealer,15.92,gudiag,very poor level of service, IAR Fair,1,11/2/2019 12:55,no,product,-1
390,Maybelline,Concealer,Maybelline Instant Age Rewind Concealer,15.92,joaugust88,hope that it is good, IAR Sand,5,10/22/2019 7:38,no,product,0
391,Maybelline,Concealer,Maybelline Instant Age Rewind Concealer,15.92,lamkins,fast delivery, IAR Medium,5,10/14/2019 10:54,no,delivery,1
392,Maybelline,Concealer,Maybelline Instant Age Rewind Concealer,15.92,lamkins,good value deal, IAR Medium,5,10/14/2019 10:54,no,product,1
393,Maybelline,Concealer,Maybelline Instant Age Rewind Concealer,15.92,lamkins,full coverage, IAR Medium,5,10/14/2019 10:54,no,product,1
394,Maybelline,Concealer,Maybelline Instant Age Rewind Concealer,15.92,sixtymandy,only delivered after 18 days, IAR Light,3,9/28/2019 13:53,no,delivery,-1
395,Maybelline,Concealer,Maybelline Instant Age Rewind Concealer,15.92,fashion_88,bought during 10.10 ..value for money and highly recommended., IAR Fair,5,10/11/2019 21:10,no,product,1
396,Maybelline,Concealer,Maybelline Instant Age Rewind Concealer,15.92,yipwinnie,very fast delivery, IAR Medium,5,10/2/2019 16:17,no,delivery,1
398,Maybelline,Concealer,Maybelline Instant Age Rewind Concealer,15.92,yipwinnie,wondering has they changed packaging, IAR Medium,5,10/2/2019 16:17,no,product,0
399,Maybelline,Concealer,Maybelline Instant Age Rewind Concealer,15.92,yipwinnie,hope i has not bought a fake one., IAR Medium,5,10/2/2019 16:17,no,product,0
400,Maybelline,Concealer,Maybelline Instant Age Rewind Concealer,15.92,janleeen,really fast shipping - ordered on 10 oct and received on 12 oct, IAR Light,5,10/13/2019 1:26,no,delivery,1
401,Maybelline,Concealer,Maybelline Instant Age Rewind Concealer,15.92,laylawadah1212,fast delivery too, IAR Medium,5,10/10/2019 22:50,no,delivery,1
402,Maybelline,Concealer,Maybelline Instant Age Rewind Concealer,15.92,juliyana99,received in 1 day! :), IAR Light,5,10/11/2019 22:24,no,delivery,1
403,Maybelline,Concealer,Maybelline Instant Age Rewind Concealer,15.92,kimchichoo,hope the colour suits me, IAR Fair,5,10/4/2019 15:29,no,product,0
404,Maybelline,Concealer,Maybelline Instant Age Rewind Concealer,15.92,norraross,fast delivery, IAR Honey,5,10/3/2019 13:34,no,delivery,1
405,Maybelline,Concealer,Maybelline Instant Age Rewind Concealer,15.92,norraross,authentic item, IAR Honey,5,10/3/2019 13:34,no,product,0
406,Maybelline,Concealer,Maybelline Instant Age Rewind Concealer,15.92,norraross,thank you seller., IAR Honey,5,10/3/2019 13:34,no,product,1
407,Maybelline,Concealer,Maybelline Instant Age Rewind Concealer,15.92,cheapdealhere.,fast delivery, IAR Light,5,9/17/2019 21:47,no,delivery,1
408,Maybelline,Concealer,Maybelline Instant Age Rewind Concealer,15.92,cheapdealhere.,well packed, IAR Light,5,9/17/2019 21:47,no,product,1
409,Maybelline,Concealer,Maybelline Instant Age Rewind Concealer,15.92,cheapdealhere.,thanks will ordered again, IAR Light,5,9/17/2019 21:47,no,product,1
410,Maybelline,Concealer,Maybelline Instant Age Rewind Concealer,15.92,zhangshuai1212,fast delivery, IAR Sand,5,10/15/2019 21:53,no,delivery,1
411,Maybelline,Concealer,Maybelline Instant Age Rewind Concealer,15.92,claratoh,i swear by the maybelline age rewind concealer is the best concealer ever â¤ï¸, IAR Light,5,9/11/2019 16:57,no,product,1
412,Maybelline,Concealer,Maybelline Instant Age Rewind Concealer,15.92,mainechongfl,delivery was fast, IAR Medium,4,9/13/2019 15:42,no,delivery,1
413,Maybelline,Concealer,Maybelline Instant Age Rewind Concealer,15.92,nureen14,much cheaper than in stores!, IAR Medium,5,10/5/2019 1:10,no,product,1
414,Maybelline,Concealer,Maybelline Instant Age Rewind Concealer,15.92,chloechua14,love this concealer! very good! i will definitely repurchase again ðÿ‘ðÿ»ðÿ‘ðÿ»ðÿ‘ðÿ», IAR Light,5,9/21/2019 15:11,no,product,1
415,Maybelline,Concealer,Maybelline Instant Age Rewind Concealer,15.92,cashewrina,order received in good condition and got the right shade, IAR Honey,5,9/16/2019 18:23,no,product,1
416,Maybelline,Concealer,Maybelline Instant Age Rewind Concealer,15.92,cashewrina,delivery time was also not too long., IAR Honey,5,9/16/2019 18:23,no,delivery,0
417,Maybelline,Concealer,Maybelline Instant Age Rewind Concealer,15.92,pandamandaink,did not receive free gifts, IAR Light,1,9/19/2019 22:26,no,product,-1
418,Maybelline,Concealer,Maybelline Instant Age Rewind Concealer,15.92,silviays,always like the maybelline concealer............................., IAR Sand,5,9/4/2019 0:20,no,product,1
419,Maybelline,Concealer,Maybelline Instant Age Rewind Concealer,15.92,seoll,received in good condition, IAR Light,5,9/5/2019 12:28,no,product,1
420,Maybelline,Concealer,Maybelline Instant Age Rewind Concealer,15.92,nursyfnh,receive it in a good condition, IAR Honey,5,9/5/2019 11:46,no,product,1
421,Maybelline,Concealer,Maybelline Instant Age Rewind Concealer,15.92,nursyfnh,fast delivery, IAR Honey,5,9/5/2019 11:46,no,delivery,1
422,Maybelline,Concealer,Maybelline Instant Age Rewind Concealer,15.92,haniza17,"very fast shipping, thank you", IAR Light,5,9/9/2019 19:13,no,delivery,1
423,Maybelline,Concealer,Maybelline Instant Age Rewind Concealer,15.92,haniza17,will purchase again., IAR Light,5,9/9/2019 19:13,no,product,1
424,Maybelline,Concealer,Maybelline Instant Age Rewind Concealer,15.92,farhanaqq,did not come with the makeup remover as promised, IAR Sand,2,9/22/2019 22:13,no,product,-1
425,Maybelline,Concealer,Maybelline Instant Age Rewind Concealer,15.92,farhanaqq,delivery also took very long, IAR Sand,2,9/22/2019 22:13,no,delivery,-1
426,Maybelline,Concealer,Maybelline Instant Age Rewind Concealer,15.92,farhanaqq,product itself is okay, IAR Sand,2,9/22/2019 22:13,no,product,0
427,Maybelline,Concealer,Maybelline Instant Age Rewind Concealer,15.92,potatolover000,fast delivery, IAR Honey,5,9/8/2019 7:35,no,delivery,1
428,Maybelline,Concealer,Maybelline Instant Age Rewind Concealer,15.92,potatolover000,good product, IAR Honey,5,9/8/2019 7:35,no,product,1
429,Maybelline,Concealer,Maybelline Instant Age Rewind Concealer,15.92,crystalco,best drugstore concealer, IAR Light,5,9/2/2019 21:25,no,product,1
430,Maybelline,Concealer,Maybelline Instant Age Rewind Concealer,15.92,crystalco,my 5th purchase, IAR Light,5,9/2/2019 21:25,no,product,1
431,Maybelline,Concealer,Maybelline Instant Age Rewind Concealer,15.92,crystalco,love it, IAR Light,5,9/2/2019 21:25,no,product,1
432,Maybelline,Concealer,Maybelline Instant Age Rewind Concealer,15.92,priyasawalani,properly wrapped, IAR Medium,5,9/1/2019 6:07,no,product,1
433,Maybelline,Concealer,Maybelline Instant Age Rewind Concealer,15.92,evangelinelee,efficient delivery, IAR Light,5,9/9/2019 14:36,no,delivery,1
434,Maybelline,Concealer,Maybelline Instant Age Rewind Concealer,15.92,wendytan128,it is exactly as described, IAR Sand,5,8/29/2019 22:39,no,product,1
435,Maybelline,Concealer,Maybelline Instant Age Rewind Concealer,15.92,wendytan128,have been using this for some time, IAR Sand,5,8/29/2019 22:39,no,product,0
436,Maybelline,Concealer,Maybelline Instant Age Rewind Concealer,15.92,chaintay,good!, IAR Light,5,9/2/2019 23:19,no,product,1
437,Maybelline,Concealer,Maybelline Instant Age Rewind Concealer,15.92,nurul.alia14,order yesterday received today so fast delivery, IAR Caramel,5,8/20/2019 18:43,no,delivery,1
438,Maybelline,Concealer,Maybelline Instant Age Rewind Concealer,15.92,natalia2205,great product, IAR Caramel,5,8/30/2019 18:23,no,product,1
439,Maybelline,Concealer,Maybelline Instant Age Rewind Concealer,15.92,melissstoh,love this concealer, Medium,5,4/1/2019 8:27,no,product,1
440,Maybelline,Concealer,Maybelline Instant Age Rewind Concealer,15.92,wapiik,:), Honey,5,3/10/2019 15:34,no,product,1
441,Maybelline,Concealer,Maybelline Instant Age Rewind Concealer,15.92,huiyinyin,item well received, IAR Honey,5,7/28/2019 2:48,no,product,1
442,Maybelline,Concealer,Maybelline Instant Age Rewind Concealer,15.92,huiyinyin,delivery took 4 days, IAR Honey,5,7/28/2019 2:48,no,delivery,0
443,Maybelline,Concealer,Maybelline Instant Age Rewind Concealer,15.92,huiyinyin,bought during flash sales, IAR Honey,5,7/28/2019 2:48,no,product,1
444,Maybelline,Concealer,Maybelline Instant Age Rewind Concealer,15.92,huiyinyin,worth it, IAR Honey,5,7/28/2019 2:48,no,product,1
445,Maybelline,Concealer,Maybelline Instant Age Rewind Concealer,15.92,jellypudd,but the manufacturing date is quite old compared to the one i bought in stores months ago!, IAR Light,3,7/5/2019 0:18,no,product,-1
446,Maybelline,Concealer,Maybelline Instant Age Rewind Concealer,15.92,sitithembem,fast delivery got notife from driver also..nice package ., IAR Medium,5,4/24/2019 12:22,no,delivery,1
447,Maybelline,Concealer,Maybelline Instant Age Rewind Concealer,15.92,sitithembem,but not try yet., IAR Medium,5,4/24/2019 12:22,no,product,0
448,Maybelline,Concealer,Maybelline Instant Age Rewind Concealer,15.92,sitithembem,hopefully not to dark than my foundation......, IAR Medium,5,4/24/2019 12:22,no,product,0
449,Maybelline,Concealer,Maybelline Instant Age Rewind Concealer,15.92,chubball,bought this during promo period for $11.90, Light,5,3/8/2019 11:18,no,product,0
450,Maybelline,Concealer,Maybelline Instant Age Rewind Concealer,15.92,chubball,good buy!, Light,5,3/8/2019 11:18,no,product,1
451,Maybelline,Concealer,Maybelline Instant Age Rewind Concealer,15.92,shermiechay,didn't expect the item to be such small haha., IAR Light,5,6/14/2019 10:44,no,product,0
452,Maybelline,Concealer,Maybelline Instant Age Rewind Concealer,15.92,janicetanwl,very happy with the purchase, IAR Light,5,7/25/2019 4:20,no,product,1
453,Maybelline,Concealer,Maybelline Instant Age Rewind Concealer,15.92,simplicityisbeauty,item received in good condition, IAR Fair,2,4/7/2019 22:19,no,product,1
454,Maybelline,Concealer,Maybelline Instant Age Rewind Concealer,15.92,simplicityisbeauty,"however, did not receive the free lipstick that is supposed to come together with this concealer", IAR Fair,2,4/7/2019 22:19,no,product,-1
455,Maybelline,Concealer,Maybelline Instant Age Rewind Concealer,15.92,simplicityisbeauty,disappointed, IAR Fair,2,4/7/2019 22:19,no,product,-1
456,Maybelline,Concealer,Maybelline Instant Age Rewind Concealer,15.92,nuremanina,fast delivery, IAR Light,5,8/4/2019 10:28,no,delivery,1
457,Maybelline,Concealer,Maybelline Instant Age Rewind Concealer,15.92,sg8949_97117,items came about a week after ordering, Medium,5,3/17/2019 14:32,no,delivery,0
458,Maybelline,Concealer,Maybelline Instant Age Rewind Concealer,15.92,fathopes,great for concealing, Fair,5,3/4/2019 18:16,no,product,1
459,Maybelline,Concealer,Maybelline Instant Age Rewind Concealer,15.92,separatedlovex,delivery took about one week to arrive, IAR Fair,4,3/22/2019 8:18,no,delivery,-1
460,Maybelline,Concealer,Maybelline Instant Age Rewind Concealer,15.92,separatedlovex,customer service needs more time to get back to my enquiries, IAR Fair,4,3/22/2019 8:18,no,product,-1
461,Maybelline,Concealer,Maybelline Instant Age Rewind Concealer,15.92,claire_lsnr,love love love this product, Medium,5,3/11/2019 13:12,no,product,1
462,Maybelline,Concealer,Maybelline Instant Age Rewind Concealer,15.92,debbieg.raymond,exact same as the ones in stores, Medium,5,3/25/2019 23:26,no,product,0
463,Maybelline,Concealer,Maybelline Instant Age Rewind Concealer,15.92,debbieg.raymond,packaging came undamaged too, Medium,5,3/25/2019 23:26,no,product,0
464,Maybelline,Concealer,Maybelline Instant Age Rewind Concealer,15.92,debbieg.raymond,multiple buys on different occasions, Medium,5,3/25/2019 23:26,no,product,1
465,Maybelline,Concealer,Maybelline Instant Age Rewind Concealer,15.92,debbieg.raymond,always satisfied, Medium,5,1/10/2019 17:41,yes,product,1
466,Maybelline,Concealer,Maybelline Instant Age Rewind Concealer,15.92,debbieg.raymond,packaging upgraded, Medium,5,1/10/2019 17:41,yes,product,1
467,Maybelline,Concealer,Maybelline Instant Age Rewind Concealer,15.92,debbieg.raymond,second time making this purchase, Medium,5,1/10/2019 17:41,yes,product,0
